name,url1,url2,web,ico,genre,country,iso,city,language,codec,lat,lon
__SOLOPIANO__ by rautemusik (rm.fm),https://solopiano-high.rautemusik.fm/?ref=radiobrowser,https://rautemusik-de-hz-fal-stream17.radiohost.de/solopiano?ref=radiobrowser,https://www.rm.fm/solopiano,,"hits,instrumental,klavier,new age piano,piano,piano jazz",Germany,DE,North Rhine-Westphalia,"english,german",MP3,,
#1 SMOOTH JAZZ ALL STARS,https://giorgia.radiobellissima.it/radio/8280/radio.mp3,https://giorgia.radiobellissima.it/radio/8280/radio.mp3,https://listen.openstream.co/6389,https://static.wixstatic.com/media/f361b3_441b22c09b064eb4b0516ba55b1402af~mv2.jpg,"192kbps,cool music seduction,high quality audio,instrumental,jazz,smooth,smooth jazz,vocal jazz",Canada,CA,Ontario,english,MP3,43.637164835151,-79.406993222265
0nlineradio H√ÑNDEL,https://stream.0nlineradio.com/haendel?ref=radiobrowser,https://stream.0nlineradio.com/haendel?ref=radiobrowser,https://0nlineradio.com/,https://i.ibb.co/y8Pcv7T/HA-NDEL-NEW.jpg,"classic,classic jazz,classical,classical music,classics,instrumental,klassik",Germany,DE,NRW,"english,german",MP3,50.906496882262,8.61328125
0nlineradio VIVALDI,https://stream.0nlineradio.com/vivaldi?ref=radiobrowser,https://stream.0nlineradio.com/vivaldi?ref=radiobrowser,https://0nlineradio.com/,https://i.ibb.co/HKNTfSQ/VIVALDI-NEW.jpg,"classic,classical,classical music,classics,instrumental,klassik,vivaldi",Germany,DE,NRW,"english,german",MP3,50.461001115992,7.91015625
1000 Melodien,http://stream.laut.fm/1000melodien,http://1000melodien.stream.laut.fm/1000melodien?t302=2023-09-30_09-10-29&uuid=4e7a5dee-2f91-4ba7-abb4-c2c778e5af53,http://1000melodien.de/,http://1000melodien.de/wp-content/themes/twentytwelve-1000melodien/apple-touch-icon-120x120.png,"ambient,easy listening,instrumental",Germany,DE,,,MP3,,
1001 CLASSIC COLLECTION,https://jenny.torontocast.com:2000/stream/1001classiccollection,https://jenny.torontocast.com:2000/stream/1001classiccollection,https://radiosuitenetwork.torontocast.stream/1001-classic-collection/,https://d1ujqdpfgkvqfi.cloudfront.net/favicon-generator/htdocs/favicons/2022-01-24/559916a5cf1289a0bed47ca16acdef73.ico.png,"clasica,classic,classical,classical baroque,classical music,classical piano,instrumental,opera",Canada,CA,Toronto,english,MP3,,
1001 TRUMPET SONG,https://stream.laut.fm/1001-trumpet-song,https://1001-trumpet-song.stream.laut.fm/1001-trumpet-song?t302=2023-09-30_07-28-33&uuid=39377e23-c163-49e1-b2ce-a4c4796182ad,https://laut.fm/1001-trumpet-song,https://d1ujqdpfgkvqfi.cloudfront.net/favicon-generator/htdocs/favicons/2023-05-29/6c4c8493efb0625e9df12380c53b3826.ico.png,"classic - instrumental,classic jazz,instrumental,instrumental music,jazz,jazz fusion,nu-jazz,smooth jazz",Germany,DE,,english,MP3,48.644025238397,11.173095703125
Abiding Radio Instrumental Hymns,https://www.abidingradio.org/radio/instrumental,https://www.abidingradio.org/radio/instrumental,http://abidingradio.org/,http://abidingradio.org/favicon.ico,"christian,hymns,instrumental",The United States Of America,US,Arizona,,MP3,,
All Piano Radio,http://streamingp.shoutcast.com/JamendoLounge,http://streamingp.shoutcast.com/JamendoLounge,https://allpianoradio.jimdofree.com/,,"classical,classical piano,instrumental,piano",France,FR,Grenoble,,MP3,,
Aloha Joe's Steel Guitar Island,http://s10.voscast.com:8324/,http://s10.voscast.com:8324/,http://www.steelguitarisland.com/,https://tunein.com/radio/Aloha-Joes-Steel-Guitar-Island-s237018/,"instrumental,steel guitar",The United States Of America,US,California,,MP3,,
Ambient Modern,http://s.stereoscenic.com/mod-s.pls,http://radio.stereoscenic.com/mod-s,https://ambientmodern.com/,https://ambientmodern.com/wp-content/uploads/2020/05/cropped-ambient-modern-3000-180x180.png,"ambient,chillout,instrumental,non-commercial,relax,relaxation music",The United States Of America,US,,,MP3,,
America Stereo Relax,http://stream.zeno.fm/62twtv23sfeuv,http://stream-158.zeno.fm/62twtv23sfeuv?zs=o5EoGVDARky-lO1VuNtBmQ,https://americastereo.net/,https://imgur.com/XzNBSvU,"chillout,instrumental,piano music,relax music",Colombia,CO,Bogota D.C.,"english,spanish",MP3,,
Antenne Niedersachsen Relax,http://stream.antenne.com/relax/mp3-192/linux/,http://antnds.streamabc.net/ands-antndsrelax-mp3-192-6389233?sABC=6517qpoo%230%232qqpnss01895rqr0s8oq129o03s183o0%23yvahk&aw_0_1st.playerid=linux&amsparams=playerid:linux;skey:1696062651,http://webradio.antenne.com/,,"easy listening,folk,instrumental,mood musik,music,oldies,pop,pop rock,rock,singer-songwriter",Germany,DE,Lower Saxony,german,MP3,,
Antenne Niedersachsen X-Mas,http://stream.antenne.com/antenne-nds-event01/mp3-192/linux/,http://antnds.streamabc.net/ands-antndsxmas-mp3-192-3713335?sABC=6517r9s3%230%23r4880qrn6s01nn6n263q843o4n00pqq9%23yvahk&aw_0_1st.playerid=linux&amsparams=playerid:linux;skey:1696066035,http://webradio.antenne.com/,,"ambient,christmas music,easy listening,holiday,instrumental,pop,seasonal,top 40",Germany,DE,Lower Saxony,german,MP3,,
ATOS Theatre Organ Radio,http://atosradio.com:8001/ATOSRadio,http://atosradio.com:8001/ATOSRadio,http://www.atos.org/,,"instrumental,organ,theatre",The United States Of America,US,,english,MP3,,
ATOS Theatre Organ Radio,http://atosradio.com:8001/ATOSRadio,http://atosradio.com:8001/ATOSRadio,http://www.atos.org/,http://cdn-radiotime-logos.tunein.com/s113440d.png,"instrumental,organ,theatre",The United States Of America,US,,english,MP3,,
Babel,https://radios.iwstreaming.uy/8030/stream,https://radios.iwstreaming.uy/8030/stream,https://babel.uy/,,"instrumental,jazz,music,radio p√∫blica,uruguay",Uruguay,UY,,spanish,MP3,,
Beats Anonymous Radio,https://streaming.radio.co/s24dcb60d4/listen,https://streaming.radio.co/s24dcb60d4/listen,https://twitter.com/EyeKayU,,"beats,hip-hop,hiphop,instrumentals,r&b,rap,rnb,triphop",The United States Of America,US,,,MP3,,
BEAUTIFULinstrumentals,http://198.245.60.88:8080/;,http://198.245.60.88:8080/;,http://www.beautifulinstrumentals.com/,,"chill,classical,instrumental,orchestral,radio",,,,,MP3,,
CBN Selah,http://mp3.cbn.com/stream/instrumental128,https://streams.cbnradio.com/instrumental-128K?,http://www1.cbn.com/radio/selah,http://www1.cbn.com/sites/all/themes/cbn_default/images/favicons/apple-touch-icon-120x120.png,"cbn,christian,christian praise&worship,instrumental",The United States Of America,US,,english,MP3,,
CHILLOUT PIANO by Epic Piano,https://stream.epic-piano.com/chillout-piano?ref=radiobrowser,https://stream.epic-piano.com/chillout-piano?ref=radiobrowser,https://epic-piano.com/,https://i.ibb.co/k9sHpvH/Chillout-Piano.jpg,"chillout,chillout radio,classic,classical,classical music,classical piano,instrumental,new age piano,piano,piano jazz",Germany,DE,NRW,"american english,deutsch fr√§nkisch,english,german",MP3,50.236665488104,7.91015625
CHOPIN by Epic Piano,https://stream.epic-piano.com/chopin?ref=radiobrowser,https://stream.epic-piano.com/chopin?ref=radiobrowser,https://epic-piano.com/,https://i.ibb.co/h73pcdb/Chopin-PIANO.jpg,"chopin,classic,classical,classics,instrumental,piano",Germany,DE,NRW,"american english,english,german,low german",MP3,50.461001115992,7.91015625
CHRISTMAS PIANO by Epic Piano,https://stream.epic-piano.com/christmas-piano?ref=radiobrowser,https://stream.epic-piano.com/christmas-piano?ref=radiobrowser,https://epic-piano.com/,https://i.ibb.co/8bJYvSW/Christmas-PIANO.jpg,"christian,christmas,classic,classical,classics,instrumental,klassik,klassik weihnachten christmas,piano,weihnachten",Germany,DE,,german,MP3,50.906496882262,8.26171875
Cinemix,https://kathy.torontocast.com:1825/stream,https://kathy.torontocast.com:1825/stream,https://www.cinemix.us/,https://www.radio.net/images/broadcasts/73/f9/5344/1/c300.png,"film music,film scores,instrumental,soundtrack",France,FR,,,MP3,,
Clam Radio - Solo Piano & Guitar,http://streams.calmradio.com:30228/,http://streams.calmradio.com:30228/,http://www.calmradio.com/,https://calmradio.com/templates/calmradio/favicons/apple-touch-icon.png,"classical,instrumental,piano",Canada,CA,Ontario,,MP3,,
"Cl√°sica 88.5 (HJSA, 88.5 MHz FM, Cali)",http://69.30.243.166:9434/listen.mp3?0.6178945254749736,http://69.30.243.166:9434/listen.mp3?0.6178945254749736,http://www.clasica885.com/,https://static.wixstatic.com/media/dbc620_0a2042071c4c406c945aabe95764f153%7emv2.png/v1/fill/w_32%2ch_32%2clg_1%2cusm_0.66_1.00_0.01/dbc620_0a2042071c4c406c945aabe95764f153%7emv2.png,"classical,easy listening,instrumental",Colombia,CO,Valle del Cauca,spanish,MP3,,
Costa del Mar - Smooth Sax,http://stream.cdm-smoothsax.com:8024/stream-mp3-Smooth,http://stream.cdm-smoothsax.com:8024/stream-mp3-Smooth,http://www.costadelmar-radio.com/,http://www.costadelmar-radio.com/favicon.ico,"chillout,instrumental,jazz,relax,smooth jazz",,,,,MP3,,
Costa del Mar - Zen,http://stream.cdm-zen.com:8004/stream-mp3-Zen,http://stream.cdm-zen.com:8004/stream-mp3-Zen,http://www.costadelmar-radio.com/,http://www.costadelmar-radio.com/favicon.ico,"ambient,calm,deep,instrumental,love,relaxation,relaxing,zen,zen ambient",,,,,MP3,,
CRN - Rap Instrumentals,http://79.120.77.11:8000/instrumentalhiphop,http://79.120.77.11:8000/instrumentalhiphop,http://radcap.ru/instrumentalhiphop.html,http://radcap.ru/apple-touch-icon.png,"instrumentals,rap instrumentals",The Russian Federation,RU,,,AAC+,,
DumDUM,https://sr11.inmystream.it/proxy/dumdumradio,https://sr11.inmystream.it/proxy/dumdumradio,https://www.dumdumrepublic.com/it/radio-it/in-ascolto,https://www.dumdumrepublic.com/images/favicon-96x96.png,"indie rock,instrumental,organic house",Italy,IT,,"english,italian",MP3,40.405673169061,15.000715255737
Easy 92.5,https://hiplayer.hibridcdn.net/t/kwmedia-kweasy.m3u8,https://hiplayer.hibridcdn.net/t/kwmedia-kweasy.m3u8,https://media.gov.kw/LiveRadio.aspx?PanStation=EasyFm,,"easy listening,instrumental,music",Kuwait,KW,,,UNKNOWN,29.362667334837,47.972692251205
EPIC CLASSICAL - Classical Pan Flute,https://stream.epic-classical.com/classical-pan-flute?ref=liveradio,https://stream.epic-classical.com/classical-pan-flute?ref=liveradio,https://epic-classical.com/,https://i.ibb.co/R2FqgKq/Pan-Flute.jpg,"ambient,ambient and relaxation music,classic,classical,flute,instrumental,instrumental music,klassik,relax",Germany,DE,north rhine westphalia,"american english,british english,deutsch fr√§nkisch,english,german",MP3,,
EPIC CLASSICAL - Classical Pop,https://stream.epic-classical.com/classical-pop,https://stream.epic-classical.com/classical-pop,https://epic-classical.com/,https://i.ibb.co/0p00BNg/Pop.jpg,"classic hits,classical,instrumental,klassik,m√∫sica pop,piano,pop,pop music",Germany,DE,north rhine westphalia,"american english,british english,deutsch fr√§nkisch,english,english uk,german",MP3,,
EPIC CLASSICAL - Classical Restaurant Music,https://stream.epic-classical.com/classical-restaurant-music,https://stream.epic-classical.com/classical-restaurant-music,https://epic-classical.com/,,"#,chillout,classic,classical,classical music,instrumental,jazz,klassik,piano,relax,smooth jazz,violin",Germany,DE,north rhine westphalia,"british english,deutsch fr√§nkisch,english,english uk,german",MP3,51.258490743567,7.7929651737213
EPIC CLASSICAL - Classical Violin,https://stream.epic-classical.com/classical-violin,https://stream.epic-classical.com/classical-violin,https://epic-classical.com/,,"ambient,ambient and relaxation music,classic,classical,instrumental,klassiek,violin",Germany,DE,north rhine westphalia,"american english,british english,english,german",MP3,,
Epic Lounge - JAZZHOP,https://stream.epic-lounge.com/jazzhop-lounge?ref=radiobrowser,https://stream.epic-lounge.com/jazzhop-lounge?ref=radiobrowser,https://epic-lounge.com/,https://i.ibb.co/9Hc5TxR/Jazz-Hop-Lounge.jpg,"hiphop,instrumental,jazz,lo-fi,lounge,lounge music",Germany,DE,north-rhine-westphalia,"english,german",MP3,,
Filmradio,https://filmradio.stream.laut.fm/filmradio?t302=2018-03-10_04-44-05&uuid=59ca68e0-84a4-492d-9b0b-36c45690cd59,https://filmradio.stream.laut.fm/filmradio?t302=2018-03-10_04-44-05&uuid=59ca68e0-84a4-492d-9b0b-36c45690cd59,https://laut.fm/filmradio,,"film music,instrumental,movies,ost,score,soundtracks",Germany,DE,,,MP3,,
Fluid Radio,http://uk4-vn.webcast-server.net:9270/,http://uk4-vn.webcast-server.net:9270/,http://www.fluid-radio.co.uk/,https://www.fluid-radio.co.uk/wp-content/uploads/2016/07/cropped-1-180x180.png,"abstract,acoustic,ambient,experimental,instrumental,modern classical",,,,,MP3,,
Gametation,http://game-tation.stream.laut.fm/game-tation?t302=2018-03-10_04-54-29&uuid=70ec85a9-6e3c-4c6d-af29-8ef19a8c1dca,http://game-tation.stream.laut.fm/game-tation?t302=2018-03-10_04-54-29&uuid=70ec85a9-6e3c-4c6d-af29-8ef19a8c1dca,http://game-tation.wixsite.com/home,https://www.wix.com/favicon.ico,"games,instrumental,score,soundtrack,soundtracks,video game music",,,,,MP3,,
GRIEG by Epic Piano,https://stream.epic-piano.com/grieg?ref=radiobrowser,https://stream.epic-piano.com/grieg?ref=radiobrowser,https://epic-piano.com/,https://i.ibb.co/hCGxT42/Grieg-PIANO.jpg,"classic hits,classical,classical piano,classics,instrumental,klassik,piano",Germany,DE,NRW,"american english,deutsch fr√§nkisch,english,german,low german",MP3,50.461001115992,8.61328125
GTF Instrumental,http://stream.gtf.club:8020/stream,http://stream.gtf.club:8020/stream,https://instrumental.gtf.club/,,instrumental music,The Russian Federation,RU,,english/russian,MP3,,
Hong Kong Community Radio,https://hkcr.live/audio/index.m3u8,https://hkcr.live/audio/index.m3u8,https://hkcr.live/,https://d1fdloi71mui9q.cloudfront.net/rhH1TajxR6W14nh49MWU_TWLU83zUK3ogqB3d,"alternative,avant-garde,electronic,experimental,hiphop,indie,instrumental,techno,variety,various",Hong Kong,HK,Wan Chai,"cantonese,chinese,english",UNKNOWN,,
Hospital Radio Norwich,https://hospita1.radioca.st/;,https://hospita1.radioca.st/;,https://hospitalradionorwich.co.uk/,,"classical,comedy,country,eighties,fifties,folk,instrumental,oldies,pop,rock,seventies,showtunes,sixties",The United Kingdom Of Great Britain And Northern Ireland,GB,Norfolk,,MP3,52.615760864415,1.2183183431625
Instrument√°l,https://instrumental-orchestral-hits.stream.laut.fm/instrumental-orchestral-hits?t302=2020-06-12_16-08-39,https://instrumental-orchestral-hits.stream.laut.fm/instrumental-orchestral-hits?t302=2020-06-12_16-08-39,,,,,,,,MP3,,
Instrumental Hits,http://stream.dar.fm/91413,http://84.19.184.27:8062,http://stream.dar.fm/91413,,,,,,,AAC+,,
Instrumental Hits Radio,http://162.244.81.98:8130/listen,http://162.244.81.98:8130/listen,https://instrumentalhitsradio.com/,,"hits,instrumental,instrumental hits radio,nuevo leon",Mexico,MX,Nuevo Le√≥n,,AAC,,
Instrumental Hop Radio,https://cheetah.streemlion.com:2670/stream,https://cheetah.streemlion.com:2670/stream,https://www.instrumentalhopradio.com/,"https://static.wixstatic.com/media/4ff284_fbeb6570bcaa4c3ea6a17104e5e1985c~mv2.png/v1/fill/w_500,h_500,q_90/4ff284_fbeb6570bcaa4c3ea6a17104e5e1985c~mv2.webpLogo.png",,The United States Of America,US,,,MP3,,
Instrumental Jazz,https://jfm1.hostingradio.ru:14536/ijstream.mp3,https://jfm1.hostingradio.ru:14536/ijstream.mp3,https://radiojazzfm.ru/,https://radiojazzfm.ru/favicons/apple-touch-icon.png,"instrumental,jazz",The Russian Federation,RU,,russian,MP3,,
Instrumentals Forever,http://quincy.torontocast.com:1910/stream,http://quincy.torontocast.com:1910/stream,https://instrumentalsforever.eu/,https://instrumentalsforever.eu/favicon.ico,"big band,easy listening,instrumental",Belgium,BE,,english,MP3,50.903563828515,4.1175944916454
Instrumentals forever (64kbp),http://quincy.torontocast.com:1920/stream,http://quincy.torontocast.com:1920/stream,https://instrumentalsforever.eu/,https://instrumentalsforever.eu/favicon.ico,"big band,easy listening,instrumental",Belgium,BE,,english,AAC+,50.903522371114,4.1177002484936
Klassik Radio - Instrumental Rock (DE) 128k MP3,http://klassikr.streamabc.net/klr-rockmclassic-mp3-128-8326570,http://klassikr.streamabc.net/klr-rockmclassic-mp3-128-8326570,https://www.klassikradio.de/,https://image.config.the-resc.com/production/image/media/image/2022/06/Klassik_Radio_Select_Aggregatoren_rock-meets-classic_360x360.jpg,"easy listening,instrumental rock",Germany,DE,,,MP3,,
Klassik Radio - Instrumental Rock (DE) 64k AAC+,http://klassikr.streamabc.net/klr-rockmclassic-aacplus-64-7947265,http://klassikr.streamabc.net/klr-rockmclassic-aacplus-64-7947265,https://www.klassikradio.de/,https://image.config.the-resc.com/production/image/media/image/2022/06/Klassik_Radio_Select_Aggregatoren_rock-meets-classic_360x360.jpg,"easy listening,instrumental rock",Germany,DE,,,AAC,,
KTL Oldies-Radio,http://streamplus36.leonex.de:24844/,http://streamplus36.leonex.de:24844/,,,instrumental,Germany,DE,,german,MP3,,
Laut.FM Smokespace,http://stream.laut.fm/smokespace,http://smokespace.stream.laut.fm/smokespace?t302=2023-09-30_10-58-18&uuid=d1c3da43-4c65-42f0-a6f0-8dc902397e39,https://laut.fm/smokespace,,"chill,instrumental,psychedelic,space,symphonic rock",Germany,DE,Saarland,german,MP3,,
LuxuriaMusic,http://media.luxuriamusic.com/files/streams/Mp3/winamp.pls,http://ice10.securenetsystems.net/LUXOMP3,http://luxuriamusic.com/,https://luxuriamusic.com/wp-content/uploads/2017/09/cropped-favicon_large-2-180x180.png,"easy listening,eclectic,instrumental,lounge,neo-exotica",The United States Of America,US,California,english,MP3,,
LuxuriaMusic [AAC],http://media.luxuriamusic.com/files/streams/Mp3/luxuriamusic_64_acc.pls,http://ice10.securenetsystems.net/LUXOTRON,http://www.luxuriamusic.com/,https://luxuriamusic.com/wp-content/uploads/2017/09/cropped-favicon_large-2-180x180.png,"east lansing,eclectic,instrumental,lounge,neo-exotica",The United States Of America,US,California,english,AAC+,,
Milenio Bella Musica,http://streaming.promomedios.com:8018/,http://streaming.promomedios.com:8018/,http://milenio.fm/,http://milenio.fm/favicon.ico,"classical music,instrumental,opera,orchestra",Mexico,MX,Guadalajara,"latino,spanish",AAC+,,
MODERN PIANO by Epic Piano,https://stream.epic-piano.com/modern-piano?ref=radiobrowser,https://stream.epic-piano.com/modern-piano?ref=radiobrowser,https://epic-piano.com/,,"classic,classical,classical piano,classics,instrumental,modern,modern classical,piano,piano jazz",Germany,DE,NRW,"american english,english,german,low german",MP3,50.684277705771,8.26171875
N07 Nature Meditation,http://air.radioart.com/fMeditation.mp3?dlid=,http://air.radioart.com/fMeditation.mp3?dlid=,http://mobile.www.radiosure.com/rsdbms/details.php?id=18190#info,,instrumental,,,,greek,MP3,,
naxi radio - classical,http://naxidigital-classic128.streaming.rs:8030/;stream.nsv,http://naxidigital-classic128.streaming.rs:8030/;stream.nsv,http://www.naxi.rs/,,"classical,instrumental,klassisk,opera",,,,,MP3,,
Nightride FM - Chillsynth,https://stream.nightride.fm/chillsynth.mp3,https://stream.nightride.fm/chillsynth.mp3,https://nightride.fm/,https://nightride.fm/thumbnail.png,"chillsynth,chillwave,instrumental",Germany,DE,,,MP3,,
Panamericana Internacional,http://5.79.86.14:8011/live,http://5.79.86.14:8011/live,http://www.panamericanadeguatemala.com/,,"centroam√©rica,estaci√≥n,guatemala,instrumental,instrumental hits radio,instrumental music,internacional,moi merino,online,online only,panamericana internacional,radio,radio online",Guatemala,GT,Ciudad de Guatemala,spanish,MP3,14.626573852031,-90.521713258931
PROGMAN,http://stream.laut.fm/progman,http://progman.stream.laut.fm/progman?t302=2023-09-30_11-40-28&uuid=d0b28656-e391-47e3-b179-8139118de3d0,https://laut.fm/progman,,"heavy metal,instrumental,progressive rock,rock",Germany,DE,,,MP3,,
Radio 1224,https://stream.radio1224.nl/1224,https://stream.radio1224.nl/1224,https://radio1224.nl/,https://radio1224.nl/favicon.ico,"1224 am,1224am,etherpiraten,geheimezender,instrumental,nederlandstalig,piraten hits,piraten muziek,piratenhits,piratenmuziek,polka",The Netherlands,NL,Gelderland,dutch,MP3,52.084127375784,5.6098015978932
Radio 31 Charts,http://charts.stream.laut.fm/charts?t302=2018-03-11_09-44-21&uuid=2f21a568-84d6-459f-ac15-16ed46f1350e,http://charts.stream.laut.fm/charts?t302=2018-03-11_09-44-21&uuid=2f21a568-84d6-459f-ac15-16ed46f1350e,https://www.facebook.com/listenyourmusic,,"charts,hits,instrumental,original,pop,rock",Germany,DE,,,MP3,,
Radio Alpenfunk,http://81.169.174.242:7000/;,http://81.169.174.242:7000/;,http://www.radio-alpenfunk.de/,http://www.radio-alpenfunk.de/cms/wp-content/uploads/2015/07/favicon-96x96.png,"country,instrumental,oldies,schlager",Germany,DE,,german,MP3,,
Radio Art - Acupuncture,http://air.radioart.com/fAcupuncture.mp3,http://air.radioart.com/fAcupuncture.mp3,https://www.radioart.com/,,instrumental,Greece,GR,,english,MP3,,
Radio Art - Ambient Piano,http://air.radioart.com/fAmbient_piano.mp3,http://air.radioart.com/fAmbient_piano.mp3,https://www.radioart.com/,https://d1iyh67kzf6t3o.cloudfront.net/images/channels/12_Ambient_Piano.jpg,"instrumental,piano,relax",Greece,GR,,english,MP3,,
Radio Art - Ancient Solfeggio Frequencies,http://air.radioart.com/fAncient_solfeggio_frequencies.mp3,http://air.radioart.com/fAncient_solfeggio_frequencies.mp3,https://www.radioart.com/,https://d1iyh67kzf6t3o.cloudfront.net/images/channels/134_ancient_sol-600x400.jpg,"education,instrumental,meditation",Greece,GR,,english,MP3,,
Radio Art - Aromatherapy,http://air.radioart.com/fAromatherapy.mp3,http://air.radioart.com/fAromatherapy.mp3,https://www.radioart.com/,https://d1iyh67kzf6t3o.cloudfront.net/images/channels/128_aromatherapy-600x400.jpg,"instrumental,relax",Greece,GR,,english,MP3,,
Radio Art - Aura,http://air-tunein.radioart.com/fAura.mp3,http://air-tunein.radioart.com/fAura.mp3,https://www.radioart.com/,,"ambient,instrumental,soft music",Greece,GR,,english,MP3,,
Radio Art - Aura(2),http://air.radioart.com/fAura.mp3,http://air.radioart.com/fAura.mp3,https://www.radioart.com/,,"ambient,instrumental,soft music",Greece,GR,,english,MP3,,
Radio Art - Cello works,http://air.radioart.com/fCello_works.mp3,http://air.radioart.com/fCello_works.mp3,https://www.radioart.com/,https://www.radioart.com/templates/yootheme/cache/logo-2d9baf0b.png,"classical,golden music,instrumental",Greece,GR,,english,MP3,,
Radio Art - For Study,http://air-tunein.radioart.com/fFor_study.mp3,http://air-tunein.radioart.com/fFor_study.mp3,https://www.radioart.com/,,"ambient,instrumental,soft music",Greece,GR,,english,MP3,,
Radio Art - For Study(2),http://air.radioart.com/fFor_study.mp3,http://air.radioart.com/fFor_study.mp3,https://www.radioart.com/,https://cdn-profiles.tunein.com/s247243/images/logoq.jpg,"ambient,instrumental,soft music",Greece,GR,,english,MP3,,
Radio Art - Guitar,http://air-tunein.radioart.com/fGuitar.mp3,http://air-tunein.radioart.com/fGuitar.mp3,http://www.radioart.com/,,"classical,guitar,instrumental",Greece,GR,,english,MP3,,
Radio Art - Healing,http://air-tunein.radioart.com/fHealing.mp3,http://air-tunein.radioart.com/fHealing.mp3,https://www.radioart.com/,,"ambient,instrumental,soft music",Greece,GR,,english,MP3,,
Radio Art - Healing(2),http://air.radioart.com/fHealing.mp3,http://air.radioart.com/fHealing.mp3,https://www.radioart.com/,,"ambient,instrumental,soft music",Greece,GR,,english,MP3,,
Radio Art - Insomnia Relief,http://air.radioart.com/fInsomnia_relief.mp3,http://air.radioart.com/fInsomnia_relief.mp3,https://www.radioart.com/,,"instrumental,meditation",Greece,GR,,english,MP3,,
Radio Art - Instrumental,http://air.radioart.com/fInstrumental.mp3,http://air.radioart.com/fInstrumental.mp3,https://www.radioart.com/,,"instrumental,music",Greece,GR,,english,MP3,,
Radio Art - Jazz Piano,https://live.radioart.com/fJazz_piano.mp3,https://live.radioart.com/fJazz_piano.mp3,https://www.radioart.com/,,"instrumental,jazz,piano",Greece,GR,,english,MP3,,
Radio Art - Latin Jazz,http://air.radioart.com/fLatin_jazz.mp3,http://air.radioart.com/fLatin_jazz.mp3,https://www.radioart.com/,,"dance,instrumental,jazz,latin,latin jazz",Greece,GR,,english,MP3,,
Radio Art - Meditation,http://air-tunein.radioart.com/fMeditation.mp3,http://air-tunein.radioart.com/fMeditation.mp3,https://www.radioart.com/,https://cdn-profiles.tunein.com/s187596/images/logoq.jpg,"ambient,instrumental,soft music",Greece,GR,,english,MP3,,
Radio Art - New Age,http://air.radioart.com/fNew_age.mp3,http://air.radioart.com/fNew_age.mp3,https://www.radioart.com/,https://www.radioart.com/templates/yootheme/cache/logo-2d9baf0b.png,"easy listening,instrumental,new age,relax",Greece,GR,,english,MP3,,
Radio Art - Organ,http://air.radioart.com/fOrgan.mp3,http://air.radioart.com/fOrgan.mp3,https://www.radioart.com/,,"instrumental,organ,theatre",Greece,GR,,english,MP3,,
Radio Art - Philip Glass,https://live.radioart.com/fPhilip_glass.mp3,https://live.radioart.com/fPhilip_glass.mp3,https://www.radioart.com/I,https://www.radioart.com/images/channels/172_philip_glass-600x400.jpg,"classical,film,film music,instrumental,piano",Greece,GR,,english,MP3,,
Radio Art - Piano & Guitar,http://air-tunein.radioart.com/fPiano_and_guitar.mp3,http://air-tunein.radioart.com/fPiano_and_guitar.mp3,https://www.radioart.com/,https://cdn-profiles.tunein.com/s154174/images/logoq.jpg,"guitar,instrumental,piano",Greece,GR,,english,MP3,,
Radio Art - Piano & Guitar(2),http://air.radioart.com/fPiano_and_guitar.mp3,http://air.radioart.com/fPiano_and_guitar.mp3,https://www.radioart.com/,,"guitar,instrumental,piano,relax,relaxing",Greece,GR,,english,MP3,,
Radio Art - Piano Trios,http://air.radioart.com/fPiano_trios.mp3,http://air.radioart.com/fPiano_trios.mp3,https://www.radioart.com/,https://www.radioart.com/templates/yootheme/cache/logo-2d9baf0b.png,"instrumental,music,piano,relax",Greece,GR,,english,MP3,,
Radio Art - Reiki,http://air.radioart.com/fReiki.mp3,http://air.radioart.com/fReiki.mp3,https://www.radioart.com/,https://www.radioart.com/images/2021channels/064_reiki_RadioArt.com.webp,"instrumental,piano,relax",Greece,GR,,english,MP3,,
Radio Art - Setar,http://air.radioart.com/fSetar.mp3,http://air.radioart.com/fSetar.mp3,https://www.radioart.com/,https://www.radioart.com/templates/yootheme/vendor/yootheme/theme-joomla/assets/images/favicon.png,"culture,instrumental",Greece,GR,,english,MP3,,
Radio Art - Sleep,http://air-tunein.radioart.com/fSleep.mp3,http://air-tunein.radioart.com/fSleep.mp3,http://www.radioart.com/,https://cdn-profiles.tunein.com/s187594/images/logoq.jpg,"ambient,instrumental",Greece,GR,,english,MP3,,
Radio Art - Sleep(2),http://air.radioart.com/fSleep.mp3,http://air.radioart.com/fSleep.mp3,http://www.radioart.com/,https://cdn-profiles.tunein.com/s187594/images/logoq.jpg,"ambient,classical sleep,instrumental,sleep",Greece,GR,,english,MP3,,
Radio Art - Solo Flute,http://live.radioart.com/fSolo_flute.mp3,http://live.radioart.com/fSolo_flute.mp3,https://www.radioart.com/,,"classical,flute,instrumental,relaxing",Greece,GR,,english,MP3,,
Radio Art - Solo Harp,http://air-tunein.radioart.com/fSolo_harp.mp3,http://air-tunein.radioart.com/fSolo_harp.mp3,https://www.radioart.com/,http://cdn-profiles.tunein.com/s187592/images/logoq.jpg,"instrumental,soft music",Greece,GR,,english,MP3,,
Radio Art - Solo Instruments,http://air.radioart.com/fSolo_instruments.mp3,http://air.radioart.com/fSolo_instruments.mp3,https://www.radioart.com/,https://www.radioart.com/templates/yootheme/cache/logo-2d9baf0b.png,"classical,instrumental,music",Greece,GR,,english,MP3,,
Radio Art - Spa,http://air-tunein.radioart.com/fSpa.mp3,http://air-tunein.radioart.com/fSpa.mp3,https://www.radioart.com/,https://cdn-profiles.tunein.com/s247230/images/logoq.jpg,"ambient,instrumental,soft music",Greece,GR,,english,MP3,,
Radio Art - Spa(2),http://air.radioart.com/fSpa.mp3,http://air.radioart.com/fSpa.mp3,https://www.radioart.com/,,"ambient,instrumental,soft music",Greece,GR,,english,MP3,,
Radio Art - Stress Relief,http://air-tunein.radioart.com/fStress_relief.mp3,http://air-tunein.radioart.com/fStress_relief.mp3,https://www.radioart.com/,https://cdn-profiles.tunein.com/s138805/images/logoq.jpg,"instrumental,soft music",Greece,GR,,english,MP3,,
Radio Art - Work,http://air.radioart.com/fFor_work.mp3,http://air.radioart.com/fFor_work.mp3,https://www.radioart.com/,,"classical,instrumental,music for study",Greece,GR,,english,MP3,,
Radio Art - Yoga,http://air-tunein.radioart.com/fYoga.mp3,http://air-tunein.radioart.com/fYoga.mp3,https://www.radioart.com/,,"ambient,instrumental,soft music",Greece,GR,,english,MP3,,
Radio Art - Yoga(2),http://air.radioart.com/fYoga.mp3,http://air.radioart.com/fYoga.mp3,https://www.radioart.com/,,"ambient,instrumental,soft music",Greece,GR,,english,MP3,,
Radio Caprice - Harp,http://213.141.131.10:8000/harp,http://213.141.131.10:8000/harp,http://radcap.ru/harp.html,http://radcap.ru/apple-touch-icon.png,"classical,harp,instrumental",The Russian Federation,RU,,"english,russian",AAC+,,
Radio Caprice - Instrumental Hip-hop,http://79.120.77.11:8000/instrumentalhiphop,http://79.120.77.11:8000/instrumentalhiphop,http://radcap.ru/instrumentalhiphop.html,http://radcap.ru/favicon.ico,"hip-hop,hiphop,instrumental,instrumental hiphop",The Russian Federation,RU,,,AAC+,,
Radio Caprice - Instrumental Music,http://79.120.77.11:8002/instrumental,http://79.120.77.11:8002/instrumental,http://radcap.ru/instrumental.html,http://radcap.ru/apple-touch-icon.png,instrumental,The Russian Federation,RU,,,AAC+,,
Radio Caprice - Instrumental Music,http://79.120.77.11:8000/instrumental,http://79.120.77.11:8000/instrumental,http://radcap.ru/instrumental.html,http://radcap.ru/apple-touch-icon.png,instrumental,The Russian Federation,RU,,,AAC+,,
Radio Caprice - Instrumental Rock,http://79.120.39.202:8002/instrumentalrock,http://79.120.39.202:8002/instrumentalrock,http://radcap.ru/instrumentalrock.html,http://radcap.ru/apple-touch-icon.png,"guitar rock,instrumental,instrumental rock,rock",The Russian Federation,RU,,,AAC+,,
Radio Caprice - Instrumental Rock,http://79.120.39.202:9077/,http://79.120.39.202:9077/,http://www.radcap.ru/instrumentalrock.html,http://www.radcap.ru/apple-touch-icon.png,instrumental rock,The Russian Federation,RU,,,AAC+,,
Radio Caprice Math Rock,http://79.120.39.202:8000/mathrock,http://79.120.39.202:8000/mathrock,http://radcap.ru/mathrock.html,http://radcap.ru/apple-touch-icon.png,"instrumental,math rock,rock",The Russian Federation,RU,,,AAC+,,
Radio Caprice Minimalism,http://213.141.131.10:8000/minimalism,http://213.141.131.10:8000/minimalism,http://radcap.ru/minimalism.html,http://radcap.ru/apple-touch-icon.png,"instrumental,minimalism",The Russian Federation,RU,,,AAC+,,
Radio Enciclopedia,https://icecast.teveo.cu/9Rnrbjzq,https://icecast.teveo.cu/9Rnrbjzq,https://www.radioenciclopedia.cu/,,"cultural,instrumental,news",Cuba,CU,,spanish,MP3,,
RADIO ESCAPE,https://radio.cast.click:8020/radioescape.flac,https://radio.cast.click:8020/radioescape.flac,https://radioescape.com.tr/,,"electronic,hiphop,instrumental,jazz",Turkey,TR,,"english,turkish",AAC,,
Radio Kr≈°,https://stream.radiokrs.me:8443/lq.mp3,https://stream.radiokrs.me:8443/lq.mp3,https://radiokrs.com/,,classic - instrumental,Montenegro,ME,,montenegro,MP3,,
Radio Lagoshevtsi,http://radio.jump.bg:8484/stream,http://radio.jump.bg:8484/stream,https://mmirojv.business.site/,https://i.postimg.cc/ryrByX5B/App-Logo.png,"ambient,folk,instrumental,rock",Bulgaria,BG,Vidin,serbian,MP3,44.000884533941,22.866818904877
Radio Legislatura,http://186.189.66.4:8100/source,http://186.189.66.4:8100/source,https://www.legislaturamendoza.gov.ar/radio,https://www.legislaturamendoza.gov.ar/favicon.ico,"classical,foclore argentino,folclore,instrumental,pop,rock,rock argentino",Argentina,AR,Mendoza,spanish,AAC+,-32.889895320571,-68.84264677763
R√°dio M√°quina Instrumental,https://servidor29-2.brlogic.com:8578/live,https://servidor29-2.brlogic.com:8578/live,http://radioinstrumental.com.br/,https://public-rf-assets.minhawebradio.net/img/favicon.ico,"instrumental,orquesta",Brazil,BR,,brazilian portuguese,MP3,,
Radio Noordvaarder Angel Healing,http://www1.radionoordvaarder.nl:8000/;,http://www1.radionoordvaarder.nl:8000/;,http://radionoordvaarder.nl/,,"instrumental,new age",The Netherlands,NL,,dutch,MP3,,
Radio Noordvaarder Healing,http://www1.radionoordvaarder.nl:8500/;,http://www1.radionoordvaarder.nl:8500/;,http://radionoordvaarder.nl/,http://radionoordvaarder.nl/favicon.ico,"instrumental,new age",The Netherlands,NL,,dutch,MP3,,
Radio Noordvaarder Healing Wellness,http://www1.radionoordvaarder.nl:8300/;,http://www1.radionoordvaarder.nl:8300/;,http://radionoordvaarder.nl/,,"instrumental,new age",The Netherlands,NL,,dutch,MP3,,
Radio Relaxo,https://ragss.ca:8010/stream,https://ragss.ca:8010/stream,https://radiorelaxo.radioarcadiagroup.com/,,"chillout,classical,instrumental music,spacemusic,vocal,world music,worldbeat",Canada,CA,Toronto,english,MP3,,
RMNinstrumental,http://stream.instrumentalhits.de:8060/,http://stream.instrumentalhits.de:8060/,http://www.instrumentalhits.de/,,instrumental,Germany,DE,,,MP3,,
ROMANTIC PIANO by Epic Piano,https://stream.epic-piano.com/romantic-piano?ref=radiobrowser,https://stream.epic-piano.com/romantic-piano?ref=radiobrowser,https://epic-piano.com/,https://i.ibb.co/tXG5R92/Romantic-PIANO.jpg,"classic,classical,classical music,classical piano,classics,instrumental,piano,piano jazz,romantic,romantic music",Germany,DE,NRW,"american english,deutsch fr√§nkisch,english,german",MP3,51.127660326366,7.91015625
Roots Legacy Radio - Dub Radio,http://rootslegacy.fr:8080/listen1,http://rootslegacy.fr:8080/listen1,https://www.rootslegacy.fr/,,"dub,instrumental,reggae",France,FR,,,MP3,,
Saloniker Web Radio,http://stream.laut.fm/saloniker-web-radio,http://saloniker-web-radio.stream.laut.fm/saloniker-web-radio?t302=2023-09-30_11-10-00&uuid=85f1e4a1-6148-44df-afa5-85cfb1c4372b,http://www.saloniker.de/,http://www.saloniker.de/typo3temp/pics/aa7eb36e92.jpg,"classical,instrumental,salonmusik",Germany,DE,,german,MP3,,
SMOOTH JAZZ DELUXE,https://mpc1.mediacp.eu/stream/smoothjazzdeluxe,https://mpc1.mediacp.eu/stream/smoothjazzdeluxe,https://radiosuitenetwork.torontocast.stream/smooth-jazz-deluxe/,,"ambient,ambient and relaxation music,chillout,chillout+lounge,instrumental music,jazz,love,relax,relaxation music,smooth,smooth jazz,smooth lounge,smooth reggae,smoothjazz,soft music",Canada,CA,Ontario,english,MP3,43.636572105023,-79.38720703125
SOLO PIANO by Epic Piano,https://stream.epic-piano.com/solo-piano?ref=radiobrowser,https://stream.epic-piano.com/solo-piano?ref=radiobrowser,https://epic-piano.com/,https://i.ibb.co/tQfcbfR/Solo-PIANO.jpg,"classic,classical,classical piano,classics,instrumental,new age piano,piano,piano jazz",Germany,DE,NRW,"american english,deutsch fr√§nkisch,english,german,low german",MP3,51.21180343474,7.7659606933594
Soundtrack Radio Station,http://quincy.torontocast.com:2410/stream,http://quincy.torontocast.com:2410/stream,https://soundtrackradiostation.com/,https://www.radio.net/images/broadcasts/9d/8d/39794/1/c300.png,"cinema,classical,film score,instrumental,movie,soundtrack",The Netherlands,NL,Amsterdam,,MP3,,
SUN Classique,https://diffusion.lafrap.fr/sun-classique.mp3,https://diffusion.lafrap.fr/sun-classique.mp3,https://www.lesonunique.com/,,"classical,classique,instrumental,opera,salon",France,FR,,,MP3,,
Sunradio - Best international Music,http://www.sunradio.ch/livestream.m3u,http://87.237.169.24:8000/live,http://www.sunradio.ch/,,"80s,chansons fran√ßaises,classic rock,greek,instrumental,italian pop,pop,soundtracks",Switzerland,CH,Kanton Bern,german,MP3,,
Super Relax FM - Radio.menu,https://streams.radio.menu/listen/super-relax-fm/radio.mp3,https://streams.radio.menu/listen/super-relax-fm/radio.mp3,http://radio.menu/,https://radio.menu/assets/img/en/apple-touch-icon.png,"ambient,bossa nova,chill-out,chillout,classical,deep house. acoustic,downtempo,easy listening,electronic,instrumental,jazz,lounge,love,meditation,nature sounds,new age,peace,relax,smooth,soul,spa,world music,yoga",Germany,DE,,,MP3,,
SuperStereo 6 Flac,http://198.204.228.202:8157/flac6,http://198.204.228.202:8157/flac6,http://www.superstereoradiochile.com/,,instrumental,Chile,CL,,,OGG,,
SWR4 BW [48 aac],https://liveradio.swr.de/sw890cl/swr4bw/,https://f121.rndfnk.com/ard/swr/swr4/bw/aac/48/stream.aac?aggregator=web&cid=01FC1X86VT36Q01G4NBJ3Q4R1Z&sid=2W6tql9PAyNwClHiFwiHiofJoHx&token=mkprx6JuOsOrvu3ee-MuXGysm8mELJZdDoKYGulciNg&tvf=Hz5Ha9K1iRdmMTIxLnJuZGZuay5jb20,https://www.swr.de/swr4/index.html,https://www.swr.de/assets/swr/swr4/apple-touch-icon-180x180.png,"classical music,folk music,instrumental music,international evergreens,schlager,schlageroldies",Germany,DE,Baden-W√ºrttemberg,german,AAC,,
Total instrumental,http://stream.laut.fm/total-instrumental,http://total-instrumental.stream.laut.fm/total-instrumental?t302=2023-09-30_06-52-01&uuid=a626c8c3-df9f-4ef2-9f2f-3b71441afa67,http://www.radio-total-instrumental.de/,,"ambient,dance,electronic,instrumental",Germany,DE,,,MP3,,
Totally Radio - 70s,https://23033.live.streamtheworld.com/T_RAD_70S_S01AAC.aac,https://23033.live.streamtheworld.com/T_RAD_70S_S01AAC.aac,https://totallyradio.com.au/70S/,https://totallyradio.com.au/favicon.ico,"1970,instrumental,pop,rock",Australia,AU,Queensland Brisbane,english,AAC+,-27.490883816642,153.07214399371
Totally Radio - Easy,https://21413.live.streamtheworld.com/T_RAD_EASY_S01AAC.aac,https://21413.live.streamtheworld.com/T_RAD_EASY_S01AAC.aac,https://totallyradio.com.au/Easy/,https://totallyradio.com.au/favicon.ico,"ballads,easy listening,instrumental,soft rock",Australia,AU,Queensland Brisbane,english,AAC+,-27.490876519949,153.07213880532
Tropicalisima FM Instrumental,http://tropicalisima.org:9000/stream,http://tropicalisima.org:9000/stream,http://tropicalisima.fm/,http://cdn-radiotime-logos.tunein.com/s133393q.png,"instrumental,ridgewood,spanish",The United States Of America,US,New York,spanish,MP3,,
TSCHAIKOWSKI by Epic Piano,https://stream.epic-piano.com/tschaikowski?ref=radiobrowser,https://stream.epic-piano.com/tschaikowski?ref=radiobrowser,https://epic-piano.com/,https://i.ibb.co/hLKJJQS/Tschaikovski-PIANO.jpg,"classical,classical piano,instrumental,klassik,piano,piano jazz",Germany,DE,NRW,"american english,deutsch fr√§nkisch,english,german,low german",MP3,50.684277705771,8.61328125
VIBEdaPLANET,http://vibedaplanet.com/radio-stream/VIBEdaPLANET.m3u,http://fusion.shoutca.st:8345/stream,http://vibedaplanet.com/,http://vibedaplanet.com/android-icon-192x192.png,"dub,funky,hip-hop classic,instrumental hip-hop,jazzy beats",The Russian Federation,RU,Saint-Petersburg,"english,russian",MP3,,
"VOWR 800 St. John's, NL",http://provisioning.streamtheworld.com/pls/VOWRAMAAC.pls,http://26443.live.streamtheworld.com/VOWRAMAAC_SC,http://www.vowr.org/,,"celtic,church services,classical,instrumental,talk radio",Canada,CA,Newfoundland,english,AAC+,,
Web R√°dio NelSons,https://stm4.srvstm.com:9716/stream,https://stm4.srvstm.com:9716/stream,https://www.nelsons.com.br/,https://www.nelsons.com.br/admin/assets/img/logo.png,"instrumental,mpb",Brazil,BR,Ceara,"brasil,brazilian portuguese,portugues do brasil,portugu√™s  brasil,portugu√™s (brasil)",MP3,-3.7310435249275,-38.522733165052
–ê—à“°–∞“ô–∞—Ä,http://radio.mediacdn.ru/ashkadar.mp3,http://radio.mediacdn.ru/ashkadar.mp3,https://bash.news/ashkadar/,,"bashkir,cultural news,folk,instrumental,live,opera,symphonic,talk",The Russian Federation,RU,Bashkortostan,bashkir,MP3,,
"–ö–∞–Ω–∞–ª ""–ú—É–∑—ã–∫–∞ –±–µ–∑ —Å–ª–æ–≤"" Radio Rusrek –†–∞–¥–∏–æ –†—É—Å—Å–∫–∞—è –†–µ–∫–ª–∞–º–∞",https://securestreams6.autopo.st:2130/instrumental,https://securestreams6.autopo.st:2130/instrumental,https://radio.rusrek.com/,https://radio.rusrek.com/images/phocaopengraph/logo-2019-06.jpg,"instrumental,russian",The United States Of America,US,New York,russian,MP3,40.590756291652,-73.960269391537
–û—Ç–∫—Ä—ã—Ç–æ–µ –°–ª–æ–≤–æ,https://rs.radioslovo.net:4275/stream?1619440624532,https://rs.radioslovo.net:4275/stream?1619440624532,https://radioslovo.net/instruments.html,,"christian,instrumental",The Russian Federation,RU,,russian,MP3,,
–†–∞–¥–∏–æ Bob Jazz - Chelyabinsk,http://stream01.radiocon.ru:8000/bobjazz,http://stream01.radiocon.ru:8000/bobjazz,https://online-red.com/radio/bob-jazz.html,http://online-red.com/images/radio-logo/bob-jazz.png,"chelyabinsk,instrumental,jazz,public radio",The Russian Federation,RU,,russian,MP3,55.155727884094,61.421813964844
–†–ê–î–ò–û –ö–ê–§–ï - Radio CAFE,http://cafe.volna.top/Cafe,http://cafe.volna.top/Cafe,https://radiocafe.volna.top/,,"amg,chillout,easy,gold,instrumental,pop,relax",The Russian Federation,RU,Moscow,russian,AAC+,,
–†–∞–¥–∏–æ –°–µ–∫—Ç–æ—Ä / Sector Nota,http://89.223.45.5:8000/nota-160,http://89.223.45.5:8000/nota-160,http://sectorradio.ru/,http://sectorradio.ru/icons/progressive-128.png,"classical,instrumental",The Russian Federation,RU,,,OGG,,
–†–∞–¥–∏–æ –°–µ–∫—Ç–æ—Ä / Sector Nota (flac),http://89.223.45.5:8000/nota-flac,http://89.223.45.5:8000/nota-flac,http://sectorradio.ru/,http://sectorradio.ru/icons/progressive-128.png,"classical,instrumental,lossless",The Russian Federation,RU,,,OGG,,
–†–∞–¥–∏–æ –°–µ–∫—Ç–æ—Ä / Sector Nota (opus),http://89.223.45.5:8000/nota-56,http://89.223.45.5:8000/nota-56,http://sectorradio.ru/,http://sectorradio.ru/icons/progressive-128.png,"classical,instrumental",The Russian Federation,RU,,,OGG,,
Â§©Á±Å‰πãÈü≥ - Hi-Fi Radio,http://play-radio-stream3.hndt.com/now/JxkyN5mR/chunklist.m3u8,http://play-radio-stream3.hndt.com/now/JxkyN5mR/chunklist.m3u8,http://www.hndt.com/,,"instrumental,music",China,CN,Honan,chinese,UNKNOWN,,
ÂøÉÁÅµÈü≥‰πêÈ¶Ü,http://play-radio-stream3.hndt.com/now/AFqvb0VX/chunklist.m3u8,http://play-radio-stream3.hndt.com/now/AFqvb0VX/chunklist.m3u8,http://www.hndt.com/,,"ambient,classical,instrumental,relax",China,CN,Honan,chinese,UNKNOWN,,
Êó†Âç∞ËâØÂìÅBGMÁ≤æÈÄâ,https://stream.zeno.fm/brv193g9468uv,https://stream-149.zeno.fm/brv193g9468uv?zs=MwYG9vOMRn-kfR-OpMVc7g,https://www.muji.com.cn/,,instrumental,China,CN,Dalian,chinese,MP3,,
Ê†óÂ≠êÁöÑËºïÈü≥Ê®Ç,http://lizeradio.com:8080/;&type=mp3,http://lizeradio.com:8080/;&type=mp3,https://lizeradio.com/,,"classical,instrumental,internet radio,new age",Taiwan Province Of China,TW,Taipei,chinese,MP3,,
Ê≤≥ÂçóÁΩëÁªúÂπøÊí≠ÂõΩ‰πêÊÇ†Êâ¨,https://live.xmcdn.com/live/2291/64.m3u8,https://live.xmcdn.com/live/2291/64.m3u8,http://www.hndt.com/,,"classical,instrumental",China,CN,Honan,chinese,UNKNOWN,,
Èõ®Â£∞ËΩªÈü≥‰πê,https://stream.zeno.fm/689zc32y4x8uv,https://stream-150.zeno.fm/689zc32y4x8uv?zs=gj_YUAYvSqCb7OXADimKOg,https://zeno.fm/radio/rain-songs/,https://zeno.fm/_next/image/?url=https%3A%2F%2Fimages.zeno.fm%2F7H91xVMe87STNK770XhQ4fEDTsku-sarmSE0iLPnTJY%2Frs%3Afit%3A240%3A240%2Fg%3Ace%3A0%3A0%2FaHR0cHM6Ly9wcm94eS56ZW5vLmZtL2NvbnRlbnQvc3RhdGlvbnMvYWd4emZucGxibTh0YzNSaGRITnlNZ3NTQ2tGMWRHaERiR2xsYm5RWWdJQ3dpcXE4dGdrTUN4SU9VM1JoZEdsdmJsQnliMlpwYkdVWWdJQ3dqcy0telFzTW9nRUVlbVZ1YncvaW1hZ2UvP3Jlc2l6ZT0yNDB4MjQwJnVwZGF0ZWQ9MTYyMjU4MzM4NTAwMA.webp&w=640&q=75,"ambient,instrumental,relax",China,CN,,chinese,MP3,,
üé∏ exZotikA-101,http://pub0202.101.ru:8000/stream/personal/aacp/64/857168,http://pub0202.101.ru:8000/stream/personal/aacp/64/857168,https://101.ru/radio/user/857168,https://cdn1.101.ru/proxy/vardata/modules/channel/dynamics/personal/85/857168.png?w=300&h=300&pos=center&t=1472739245,"blues,exzotika,instrumental,jazz,vocal",The Russian Federation,RU,,—è–∑—ã–∫: —Ä—É—Å—Å–∫–∏–π,AAC+,,
üé∑ exZotikA-101 Instrumental,http://pub0202.101.ru:8000/stream/personal/aacp/64/1785316,http://pub0202.101.ru:8000/stream/personal/aacp/64/1785316,https://101.ru/radio/user/1785316,https://101.ru/touch-icon-ipad.png,"exzotika,instrumental",The Russian Federation,RU,,—è–∑—ã–∫: —Ä—É—Å—Å–∫–∏–π,AAC+,,
